id,tag,text
1,"[1, 'label']",5
2,"[2, 's1', 'heading']",Opposition to the Plan of God
3,"[3, 'p1', 'verse', 'v1', 'label']",1
4,"[4, 'p1', 'verse', 'v1', 'note', 'f']","sn The enthusiasm of the worshipers in the preceding chapter turns sour in this one when Pharaoh refuses to cooperate. The point is clear that when the people of God attempt to devote their full service and allegiance to God, they encounter opposition from the world. Rather than finding instant blessing and peace, they find conflict. This is the theme that will continue through the plague narratives. But what makes chapter 5 especially interesting is how the people reacted to this opposition. The chapter has three sections: first, the confrontation between Moses and Pharaoh (vv. 1-5); then the report of the stern opposition of the king (vv. 6-14); and finally, the sad account of the effect of this opposition on the people (vv. 15-21)."
5,"[5, 'p1', 'verse', 'v1', 'content']","Afterward Moses and Aaron went to Pharaoh and said, “Thus says the"
6,"[6, 'p1', 'verse', 'v1', 'sc']",Lord
7,"[7, 'p1', 'verse', 'v1', 'content']",","
8,"[8, 'p1', 'verse', 'v1', 'note', 'f']",tn Heb “Yahweh.”
9,"[9, 'p1', 'verse', 'v1', 'content']","the God of Israel, ‘Release"
10,"[10, 'p1', 'verse', 'v1', 'note', 'f']","tn The form שַׁלַּח (shallakh), the Piel imperative, has been traditionally translated “let [my people] go.” The Qal would be “send”; so the Piel “send away, release, dismiss, discharge.” B. Jacob observes, “If a person was dismissed through the use of this verb, then he ceased to be within the power or sphere of influence of the individual who had dismissed him. He was completely free and subsequently acted entirely on his own responsibility” (Exodus, 115)."
11,"[11, 'p1', 'verse', 'v1', 'content']",my people so that they may hold a pilgrim feast
12,"[12, 'p1', 'verse', 'v1', 'note', 'f']","tn The verb חָגַג (khagag) means to hold a feast or to go on a pilgrim feast. The Arabic cognate of the noun form is haj, best known for the pilgrim flight of Mohammed, the hajira. The form in the text (וְיָחֹגּוּ, vÿyakhoggu) is subordinated to the imperative and thus shows the purpose of the imperative."
13,"[13, 'p1', 'verse', 'v1', 'content']",to me in the desert.’”
14,"['v001_NET_EXO_005', 14, 'p1', 'verse', 'v1', 'plain_text']","1 Afterward Moses and Aaron went to Pharaoh and said, “Thus says the Lord , the God of Israel, ‘Release my people so that they may hold a pilgrim feast to me in the desert.’”"
15,"[15, 'p1', 'verse', 'v2', 'label']",2
16,"[16, 'p1', 'verse', 'v2', 'content']","But Pharaoh said, “Who is the"
17,"[17, 'p1', 'verse', 'v2', 'sc']",Lord
18,"[18, 'p1', 'verse', 'v2', 'note', 'f']","tn Heb “Yahweh.” This is a rhetorical question, expressing doubt or indignation or simply a negative thought that Yahweh is nothing (see erotesis in E. W. Bullinger, Figures of Speech, 944-45). Pharaoh is not asking for information (cf. 1 Sam 25:5-10)."
19,"[19, 'p1', 'verse', 'v2', 'content']",that
20,"[20, 'p1', 'verse', 'v2', 'note', 'f']",tn The relative pronoun introduces the consecutive clause that depends on the interrogative clause (see GKC 318-19 §107.u).
21,"[21, 'p1', 'verse', 'v2', 'content']",I should obey him
22,"[22, 'p1', 'verse', 'v2', 'note', 'f']","tn The imperfect tense here receives the classification of obligatory imperfect. The verb שָׁמַע (shama’) followed by “in the voice of” is idiomatic; rather than referring to simple audition – “that I should hear his voice” – it conveys the thought of listening that issues in action – “that I should obey him.”
sn The construction of these clauses is similar to (ironically) the words of Moses: “Who am I that I should go?” (3:11)."
23,"[23, 'p1', 'verse', 'v2', 'content']",by releasing
24,"[24, 'p1', 'verse', 'v2', 'note', 'f']",tn The Piel infinitive construct here has the epexegetical usage with lamed (ל); it explains the verb “obey.”
25,"[25, 'p1', 'verse', 'v2', 'content']",Israel? I do not know the
26,"[26, 'p1', 'verse', 'v2', 'sc']",Lord
27,"[27, 'p1', 'verse', 'v2', 'content']",","
28,"[28, 'p1', 'verse', 'v2', 'note', 'f']","sn This absolute statement of Pharaoh is part of a motif that will develop throughout the conflict. For Pharaoh, the Lord (Yahweh) did not exist. So he said “I do not know the Lord [i.e., Yahweh].” The point of the plagues and the exodus will be “that he might know.” Pharaoh will come to know this Yahweh, but not in any pleasant way."
29,"[29, 'p1', 'verse', 'v2', 'content']",and I will not release Israel!”
30,"['v002_NET_EXO_005', 30, 'p1', 'verse', 'v2', 'plain_text']","2 But Pharaoh said, “Who is the Lord that I should obey him by releasing Israel? I do not know the Lord , and I will not release Israel!”"
31,"[31, 'p1', 'verse', 'v3', 'label']",3
32,"[32, 'p1', 'verse', 'v3', 'content']","And they said, “The God of the Hebrews has met with us. Let us go a three-day journey"
33,"[33, 'p1', 'verse', 'v3', 'note', 'f']","tn The word “journey” is an adverbial accusative telling the distance that Moses wanted the people to go. It is qualified by “three days.” It is not saying that they will be gone three days, but that they will go a distance that will take three days to cover (see Gen 31:22-23; Num 10:33; 33:8)."
34,"[34, 'p1', 'verse', 'v3', 'content']",into the desert so that we may sacrifice
35,"[35, 'p1', 'verse', 'v3', 'note', 'f']","tn The purpose clause here is formed with a second cohortative joined with a vav (ו): “let us go…and let us sacrifice.” The purpose of the going was to sacrifice.
sn Where did Moses get the idea that they should have a pilgrim feast and make sacrifices? God had only said they would serve Him in that mountain. In the OT the pilgrim feasts to the sanctuary three times a year incorporated the ideas of serving the Lord and keeping the commands. So the words here use the more general idea of appearing before their God. They would go to the desert because there was no homeland yet. Moses later spoke of the journey as necessary to avoid offending Egyptian sensibilities (8:25-26)."
36,"[36, 'p1', 'verse', 'v3', 'content']",to the
37,"[37, 'p1', 'verse', 'v3', 'sc']",Lord
38,"[38, 'p1', 'verse', 'v3', 'content']","our God, so that he does not strike us with plague or the sword.”"
39,"[39, 'p1', 'verse', 'v3', 'note', 'f']",sn The last clause of this verse is rather unexpected here: “lest he meet [afflict] us with pestilence or sword.” To fail to comply with the summons of one’s God was to invite such calamities. The Law would later incorporate many such things as the curses for disobedience. Moses is indicating to Pharaoh that there is more reason to fear Yahweh than Pharaoh.
40,"['v003_NET_EXO_005', 40, 'p1', 'verse', 'v3', 'plain_text']","3 And they said, “The God of the Hebrews has met with us. Let us go a three-day journey into the desert so that we may sacrifice to the Lord our God, so that he does not strike us with plague or the sword.”"
41,"[41, 'p1', 'verse', 'v4', 'label']",4
42,"[42, 'p1', 'verse', 'v4', 'content']","The king of Egypt said to them, “Moses and Aaron, why do you cause the people to refrain from their work?"
43,"[43, 'p1', 'verse', 'v4', 'note', 'f']","sn The clause is a rhetorical question. Pharaoh is not asking them why they do this, but rather is accusing them of doing it. He suspects their request is an attempt to get people time away from their labor. In Pharaoh’s opinion, Moses and Aaron were “removing the restraint” (פָּרַע, para’) of the people in an effort to give them rest. Ironically, under the Law the people would be expected to cease their labor when they went to appear before God. He would give them the rest that Pharaoh refused to give. It should be noted also that it was not Israel who doubted that Yahweh had sent Moses, as Moses had feared – but rather Pharaoh."
44,"[44, 'p1', 'verse', 'v4', 'content']",Return to your labor!”
45,"['v004_NET_EXO_005', 45, 'p1', 'verse', 'v4', 'plain_text']","4 The king of Egypt said to them, “Moses and Aaron, why do you cause the people to refrain from their work? Return to your labor!”"
46,"[46, 'p1', 'verse', 'v5', 'label']",5
47,"[47, 'p1', 'verse', 'v5', 'content']","Pharaoh was thinking,"
48,"[48, 'p1', 'verse', 'v5', 'note', 'f']","tn Heb “And Pharaoh said.” This is not the kind of thing that Pharaoh is likely to have said to Moses, and so it probably is what he thought or reasoned within himself. Other passages (like Exod 2:14; 3:3) show that the verb “said” can do this. (See U. Cassuto, Exodus, 67.)"
49,"[49, 'p1', 'verse', 'v5', 'content']","“The people of the land are now many, and you are giving them rest from their labor.”"
50,"['v005_NET_EXO_005', 50, 'p1', 'verse', 'v5', 'plain_text']","5 Pharaoh was thinking, “The people of the land are now many, and you are giving them rest from their labor.”"
51,"[51, 'p2', 'verse', 'v6', 'label']",6
52,"[52, 'p2', 'verse', 'v6', 'content']",That same day Pharaoh commanded
53,"[53, 'p2', 'verse', 'v6', 'note', 'f']",tn Heb “and Pharaoh commanded on that day.”
54,"[54, 'p2', 'verse', 'v6', 'content']",the slave masters and foremen
55,"[55, 'p2', 'verse', 'v6', 'note', 'f']","tn The Greek has “scribes” for this word, perhaps thinking of those lesser officials as keeping records of the slaves and the bricks."
56,"[56, 'p2', 'verse', 'v6', 'content']",who were
57,"[57, 'p2', 'verse', 'v6', 'note', 'f']",tn The phrase “who were” is supplied for clarity.
58,"[58, 'p2', 'verse', 'v6', 'content']",over the people:
59,"[59, 'p2', 'verse', 'v6', 'note', 'f']","sn In vv. 6-14 the second section of the chapter describes the severe measures by the king to increase the labor by decreasing the material. The emphasis in this section must be on the harsh treatment of the people and Pharaoh’s reason for it – he accuses them of idleness because they want to go and worship. The real reason, of course, is that he wants to discredit Moses (v. 9) and keep the people as slaves."
60,"['v006_NET_EXO_005', 60, 'p2', 'verse', 'v6', 'plain_text']",6 That same day Pharaoh commanded the slave masters and foremen who were over the people:
61,"[61, 'p2', 'verse', 'v7', 'label']",7
62,"[62, 'p2', 'verse', 'v7', 'content']",“You must no longer
63,"[63, 'p2', 'verse', 'v7', 'note', 'f']","tn The construction is a verbal hendiadys: לֹא תֹאסִפוּן לָתֵת (lo’ to’sifun latet, “you must not add to give”). The imperfect tense acts adverbially, and the infinitive becomes the main verb of the clause: “you must no longer give.”"
64,"[64, 'p2', 'verse', 'v7', 'content']",give straw to the people for making bricks
65,"[65, 'p2', 'verse', 'v7', 'note', 'f']",tn The expression “for making bricks” is made of the infinitive construct followed by its cognate accusative: לִלְבֹּן הַלְּבֵנִים (lilbon hallÿvenim).
66,"[66, 'p2', 'verse', 'v7', 'content']",as before.
67,"[67, 'p2', 'verse', 'v7', 'note', 'f']",tn Heb “as yesterday and three days ago” or “as yesterday and before that.” This is idiomatic for “as previously” or “as in the past.”
68,"[68, 'p2', 'verse', 'v7', 'content']",Let them go
69,"[69, 'p2', 'verse', 'v7', 'note', 'f']",tn The jussive יֵלְכוּ (yelÿkhu) and its following sequential verb would have the force of decree and not permission or advice. He is telling them to go and find straw or stubble for the bricks.
70,"[70, 'p2', 'verse', 'v7', 'content']",and collect straw for themselves.
71,"['v007_NET_EXO_005', 71, 'p2', 'verse', 'v7', 'plain_text']",7 “You must no longer give straw to the people for making bricks as before. Let them go and collect straw for themselves.
72,"[72, 'p2', 'verse', 'v8', 'label']",8
73,"[73, 'p2', 'verse', 'v8', 'content']",But you must require
74,"[74, 'p2', 'verse', 'v8', 'note', 'f']","tn The verb is the Qal imperfect of שִׂים (sim, “place, put”). The form could be an imperfect of instruction: “You will place upon them the quota.” Or, as here, it may be an obligatory imperfect: “You must place.”"
75,"[75, 'p2', 'verse', 'v8', 'content']",of them the same quota of bricks that they were making before.
76,"[76, 'p2', 'verse', 'v8', 'note', 'f']",tn Heb “yesterday and three days ago” or “yesterday and before that” is idiomatic for “previously” or “in the past.”
77,"[77, 'p2', 'verse', 'v8', 'content']","Do not reduce it, for they are slackers."
78,"[78, 'p2', 'verse', 'v8', 'note', 'f']","tn Or “loafers.” The form נִרְפִּים (nirpim) is derived from the verb רָפָה (rafah), meaning “to be weak, to let oneself go.” They had been letting the work go, Pharaoh reasoned, and being idle is why they had time to think about going to worship."
79,"[79, 'p2', 'verse', 'v8', 'content']","That is why they are crying, ‘Let us go sacrifice to our God.’"
80,"['v008_NET_EXO_005', 80, 'p2', 'verse', 'v8', 'plain_text']","8 But you must require of them the same quota of bricks that they were making before. Do not reduce it, for they are slackers. That is why they are crying, ‘Let us go sacrifice to our God.’"
81,"[81, 'p2', 'verse', 'v9', 'label']",9
82,"[82, 'p2', 'verse', 'v9', 'content']",Make the work harder
83,"[83, 'p2', 'verse', 'v9', 'note', 'f']",tn Heb “let the work be heavy.”
84,"[84, 'p2', 'verse', 'v9', 'content']",for the men so they will keep at it
85,"[85, 'p2', 'verse', 'v9', 'note', 'f']","tn The text has וְיַעֲשׂוּ־בָהּ (vÿya’asu-vah, “and let them work in it”) or the like. The jussive forms part of the king’s decree that the men not only be required to work harder but be doing it: “Let them be occupied in it.”
sn For a discussion of this whole section, see K. A. Kitchen, “From the Brickfields of Egypt,” TynBul 27 (1976): 137-47."
86,"[86, 'p2', 'verse', 'v9', 'content']",and pay no attention to lying words!”
87,"[87, 'p2', 'verse', 'v9', 'note', 'f']","sn The words of Moses are here called “lying words” (דִבְרֵי־שָׁקֶר, divre-shaqer). Here is the main reason, then, for Pharaoh’s new policy. He wanted to discredit Moses. So the words that Moses spoke Pharaoh calls false and lying words. The world was saying that God’s words were vain and deceptive because they were calling people to a higher order. In a short time God would reveal that they were true words."
88,"['v009_NET_EXO_005', 88, 'p2', 'verse', 'v9', 'plain_text']",9 Make the work harder for the men so they will keep at it and pay no attention to lying words!”
89,"[89, 'p3', 'verse', 'v10', 'label']",10
90,"[90, 'p3', 'verse', 'v10', 'content']","So the slave masters of the people and their foremen went to the Israelites and said,"
91,"[91, 'p3', 'verse', 'v10', 'note', 'f']",tn Heb “went out and spoke to the people saying.” Here “the people” has been specified as “the Israelites” for clarity.
92,"[92, 'p3', 'verse', 'v10', 'content']",“Thus says Pharaoh: ‘I am not giving
93,"[93, 'p3', 'verse', 'v10', 'note', 'f']","tn The construction uses the negative particle combined with a subject suffix before the participle: אֵינֶנִּי נֹתֵן (’enenni noten, “there is not I – giving”)."
94,"[94, 'p3', 'verse', 'v10', 'content']",you straw.
95,"['v010_NET_EXO_005', 95, 'p3', 'verse', 'v10', 'plain_text']","10 So the slave masters of the people and their foremen went to the Israelites and said, “Thus says Pharaoh: ‘I am not giving you straw."
96,"[96, 'p3', 'verse', 'v11', 'label']",11
97,"[97, 'p3', 'verse', 'v11', 'content']",You
98,"[98, 'p3', 'verse', 'v11', 'note', 'f']","tn The independent personal pronoun emphasizes that the people were to get their own straw, and it heightens the contrast with the king. “You – go get.”"
99,"[99, 'p3', 'verse', 'v11', 'content']",go get straw for yourselves wherever you can
100,"[100, 'p3', 'verse', 'v11', 'note', 'f']","tn The tense in this section could be translated as having the nuance of possibility: “wherever you may find it,” or the nuance of potential imperfect: “wherever you are able to find any.”"
101,"[101, 'p3', 'verse', 'v11', 'content']","find it, because there will be no reduction at all in your workload.’”"
102,"['v011_NET_EXO_005', 102, 'p3', 'verse', 'v11', 'plain_text']","11 You go get straw for yourselves wherever you can find it, because there will be no reduction at all in your workload.’”"
103,"[103, 'p3', 'verse', 'v12', 'label']",12
104,"[104, 'p3', 'verse', 'v12', 'content']",So the people spread out
105,"[105, 'p3', 'verse', 'v12', 'note', 'f']","tn The verb וַיָּפֶץ (vayyafets) is from the hollow root פּוּץ (puts) and means “scatter, spread abroad.”"
106,"[106, 'p3', 'verse', 'v12', 'content']",through all the land of Egypt to collect stubble for straw.
107,"['v012_NET_EXO_005', 107, 'p3', 'verse', 'v12', 'plain_text']",12 So the people spread out through all the land of Egypt to collect stubble for straw.
108,"[108, 'p3', 'verse', 'v13', 'label']",13
109,"[109, 'p3', 'verse', 'v13', 'content']",The slave masters were pressuring
110,"[110, 'p3', 'verse', 'v13', 'note', 'f']",tn Or “pressed.”
111,"[111, 'p3', 'verse', 'v13', 'content']","them, saying, “Complete"
112,"[112, 'p3', 'verse', 'v13', 'note', 'f']","tn כַּלּוּ (kallu) is the Piel imperative; the verb means “to finish, complete” in the sense of filling up the quota."
113,"[113, 'p3', 'verse', 'v13', 'content']","your work for each day, just like when there was straw!”"
114,"['v013_NET_EXO_005', 114, 'p3', 'verse', 'v13', 'plain_text']","13 The slave masters were pressuring them, saying, “Complete your work for each day, just like when there was straw!”"
115,"[115, 'p3', 'verse', 'v14', 'label']",14
116,"[116, 'p3', 'verse', 'v14', 'content']","The Israelite foremen whom Pharaoh’s slave masters had set over them were beaten and were asked,"
117,"[117, 'p3', 'verse', 'v14', 'note', 'f']","tn The quotation is introduced with the common word לֵאמֹר (le’mor, “saying”) and no mention of who said the question."
118,"[118, 'p3', 'verse', 'v14', 'content']",“Why did you not complete your requirement for brickmaking as in the past – both yesterday and today?”
119,"[119, 'p3', 'verse', 'v14', 'note', 'f']","sn The idioms for time here are found also in 3:10 and 5:7-8. This question no doubt represents many accusations shouted at Israelites during the period when it was becoming obvious that, despite all their efforts, they were unable to meet their quotas as before."
120,"['v014_NET_EXO_005', 120, 'p3', 'verse', 'v14', 'plain_text']","14 The Israelite foremen whom Pharaoh’s slave masters had set over them were beaten and were asked, “Why did you not complete your requirement for brickmaking as in the past – both yesterday and today?”"
121,"[121, 'p4', 'verse', 'v15', 'label']",15
122,"[122, 'p4', 'verse', 'v15', 'note', 'f']","sn The last section of this event tells the effect of the oppression on Israel, first on the people (15-19) and then on Moses and Aaron (20-21). The immediate reaction of Israel was to cry to Pharaoh – something they would learn should be directed to God. When Pharaoh rebuffed them harshly, they turned bitterly against their leaders."
123,"[123, 'p4', 'verse', 'v15', 'content']","The Israelite foremen went and cried out to Pharaoh, “Why are you treating"
124,"[124, 'p4', 'verse', 'v15', 'note', 'f']","tn The imperfect tense should be classified here with the progressive imperfect nuance, because the harsh treatment was a present reality."
125,"[125, 'p4', 'verse', 'v15', 'content']",your servants this way?
126,"['v015_NET_EXO_005', 126, 'p4', 'verse', 'v15', 'plain_text']","15 The Israelite foremen went and cried out to Pharaoh, “Why are you treating your servants this way?"
127,"[127, 'p4', 'verse', 'v16', 'label']",16
128,"[128, 'p4', 'verse', 'v16', 'content']","No straw is given to your servants, but we are told,"
129,"[129, 'p4', 'verse', 'v16', 'note', 'f']","tn Heb “[they] are saying to us,” the line can be rendered as a passive since there is no expressed subject for the participle."
130,"[130, 'p4', 'verse', 'v16', 'content']",‘Make bricks!’ Your servants are even
131,"[131, 'p4', 'verse', 'v16', 'note', 'f']","tn הִנֵּה (hinneh) draws attention to the action reflected in the passive participle מֻכִּים (mukkim): “look, your servants are being beaten.”"
132,"[132, 'p4', 'verse', 'v16', 'content']","being beaten, but the fault"
133,"[133, 'p4', 'verse', 'v16', 'note', 'f']","tn The word rendered “fault” is the basic OT verb for “sin” – וְחָטָאת (vÿkhata’t). The problem is that it is pointed as a perfect tense, feminine singular verb. Some other form of the verb would be expected, or a noun. But the basic word-group means “to err, sin, miss the mark, way, goal.” The word in this context seems to indicate that the people of Pharaoh – the slave masters – have failed to provide the straw. Hence: “fault” or “they failed.” But, as indicated, the line has difficult grammar, for it would literally translate: “and you [fem.] sin your people.” Many commentators (so GKC 206 §74.g) wish to emend the text to read with the Greek and the Syriac, thus: “you sin against your own people” (meaning the Israelites are his loyal subjects)."
134,"[134, 'p4', 'verse', 'v16', 'content']",is with your people.”
135,"['v016_NET_EXO_005', 135, 'p4', 'verse', 'v16', 'plain_text']","16 No straw is given to your servants, but we are told, ‘Make bricks!’ Your servants are even being beaten, but the fault is with your people.”"
136,"[136, 'p5', 'verse', 'v17', 'label']",17
137,"[137, 'p5', 'verse', 'v17', 'content']","But Pharaoh replied,"
138,"[138, 'p5', 'verse', 'v17', 'note', 'f']",tn Heb “And he said.”
139,"[139, 'p5', 'verse', 'v17', 'content']",“You are slackers! Slackers!
140,"[140, 'p5', 'verse', 'v17', 'note', 'f']","tn Or “loafers.” The form נִרְפִּים (nirpim) is derived from the verb רָפָה (rafah), meaning “to be weak, to let oneself go.”"
141,"[141, 'p5', 'verse', 'v17', 'content']","That is why you are saying, ‘Let us go sacrifice to the"
142,"[142, 'p5', 'verse', 'v17', 'sc']",Lord
143,"[143, 'p5', 'verse', 'v17', 'content']",.’
144,"['v017_NET_EXO_005', 144, 'p5', 'verse', 'v17', 'plain_text']","17 But Pharaoh replied, “You are slackers! Slackers! That is why you are saying, ‘Let us go sacrifice to the Lord .’"
145,"[145, 'p5', 'verse', 'v18', 'label']",18
146,"[146, 'p5', 'verse', 'v18', 'content']","So now, get back to work!"
147,"[147, 'p5', 'verse', 'v18', 'note', 'f']","tn The text has two imperatives: “go, work.” They may be used together to convey one complex idea (so a use of hendiadys): “go back to work.”"
148,"[148, 'p5', 'verse', 'v18', 'content']","You will not be given straw, but you must still produce"
149,"[149, 'p5', 'verse', 'v18', 'note', 'f']",tn The imperfect תִּתֵּנּוּ (tittennu) is here taken as an obligatory imperfect: “you must give” or “you must produce.”
150,"[150, 'p5', 'verse', 'v18', 'content']",your quota
151,"[151, 'p5', 'verse', 'v18', 'note', 'f']","sn B. Jacob is amazed at the wealth of this tyrant’s vocabulary in describing the work of others. Here, תֹכֶן (tokhen) is another word for “quota” of bricks, the fifth word used to describe their duty (Exodus, 137)."
152,"[152, 'p5', 'verse', 'v18', 'content']",of bricks!”
153,"['v018_NET_EXO_005', 153, 'p5', 'verse', 'v18', 'plain_text']","18 So now, get back to work! You will not be given straw, but you must still produce your quota of bricks!”"
154,"[154, 'p5', 'verse', 'v19', 'label']",19
155,"[155, 'p5', 'verse', 'v19', 'content']",The Israelite foremen saw
156,"[156, 'p5', 'verse', 'v19', 'note', 'f']","tn The common Hebrew verb translated “saw,” like the common English verb for seeing, is also used to refer to mental perception and understanding, as in the question “See what I mean?” The foremen understood how difficult things would be under this ruling."
157,"[157, 'p5', 'verse', 'v19', 'content']",that they
158,"[158, 'p5', 'verse', 'v19', 'note', 'f']","tn The text has the sign of the accusative with a suffix and then a prepositional phrase: אֹתָם בְּרָע (’otam bÿra’), meaning something like “[they saw] them in trouble” or “themselves in trouble.” Gesenius shows a few examples where the accusative of the reflexive pronoun is represented by the sign of the accusative with a suffix, and these with marked emphasis (GKC 439 §135.k)."
159,"[159, 'p5', 'verse', 'v19', 'content']","were in trouble when they were told,"
160,"[160, 'p5', 'verse', 'v19', 'note', 'f']","tn The clause “when they were told” translates לֵאמֹר (le’mor), which usually simply means “saying.” The thing that was said was clearly the decree that was given to them."
161,"[161, 'p5', 'verse', 'v19', 'content']",“You must not reduce the daily quota of your bricks.”
162,"['v019_NET_EXO_005', 162, 'p5', 'verse', 'v19', 'plain_text']","19 The Israelite foremen saw that they were in trouble when they were told, “You must not reduce the daily quota of your bricks.”"
163,"[163, 'p6', 'verse', 'v20', 'label']",20
164,"[164, 'p6', 'verse', 'v20', 'content']","When they went out from Pharaoh, they encountered Moses and Aaron standing there to meet them,"
165,"[165, 'p6', 'verse', 'v20', 'note', 'f']","sn Moses and Aaron would not have made the appeal to Pharaoh that these Hebrew foremen did, but they were concerned to see what might happen, and so they waited to meet the foremen when they came out."
166,"['v020_NET_EXO_005', 166, 'p6', 'verse', 'v20', 'plain_text']","20 When they went out from Pharaoh, they encountered Moses and Aaron standing there to meet them,"
167,"[167, 'p6', 'verse', 'v21', 'label']",21
168,"[168, 'p6', 'verse', 'v21', 'content']","and they said to them, “May the"
169,"[169, 'p6', 'verse', 'v21', 'sc']",Lord
170,"[170, 'p6', 'verse', 'v21', 'content']","look on you and judge,"
171,"[171, 'p6', 'verse', 'v21', 'note', 'f']","tn The foremen vented their anger on Moses and Aaron. The two jussives express their desire that the evil these two have caused be dealt with. “May Yahweh look on you and may he judge” could mean only that God should decide if Moses and Aaron are at fault, but given the rest of the comments it is clear the foremen want more. The second jussive could be subordinated to the first – “so that he may judge [you].”"
172,"[172, 'p6', 'verse', 'v21', 'content']",because you have made us stink
173,"[173, 'p6', 'verse', 'v21', 'note', 'f']",tn Heb “you have made our aroma stink.”
174,"[174, 'p6', 'verse', 'v21', 'content']",in the opinion of
175,"[175, 'p6', 'verse', 'v21', 'note', 'f']",tn Heb “in the eyes of.”
176,"[176, 'p6', 'verse', 'v21', 'content']","Pharaoh and his servants,"
177,"[177, 'p6', 'verse', 'v21', 'note', 'f']",tn Heb “in the eyes of his servants.” This phrase is not repeated in the translation for stylistic reasons.
178,"[178, 'p6', 'verse', 'v21', 'content']",so that you have given them an excuse to kill us!”
179,"[179, 'p6', 'verse', 'v21', 'note', 'f']","tn Heb “to put a sword in their hand to kill us.” The infinitive construct with the lamed (לָתֶת, latet) signifies the result (“so that”) of making the people stink. Their reputation is now so bad that Pharaoh might gladly put them to death. The next infinitive could also be understood as expressing result: “put a sword in their hand so that they can kill us.”"
180,"[180, 's1', 'heading']",The Assurance of Deliverance
181,"['v021_NET_EXO_005', 181, 'p6', 'verse', 'v21', 'plain_text']","21 and they said to them, “May the Lord look on you and judge, because you have made us stink in the opinion of Pharaoh and his servants, so that you have given them an excuse to kill us!”"
182,"[182, 'p7', 'verse', 'v22', 'label']",22
183,"[183, 'p7', 'verse', 'v22', 'note', 'f']","sn In view of the apparent failure of the mission, Moses seeks Yahweh for assurance. The answer from Yahweh not only assures him that all is well, but that there will be a great deliverance. The passage can be divided into three parts: the complaint of Moses (5:22-23), the promise of Yahweh (6:1-9), and the instructions for Moses (6:10-13). Moses complains because God has not delivered his people as he had said he would, and God answers that he will because he is the sovereign covenant God who keeps his word. Therefore, Moses must keep his commission to speak God’s word. See further, E. A. Martens, “Tackling Old Testament Theology,” JETS 20 (1977): 123-32. The message is very similar to that found in the NT, “Where is the promise of his coming?” (2 Pet 3:4). The complaint of Moses (5:22-23) can be worded with Peter’s “Where is the promise of his coming?” theme; the assurance from Yahweh (6:1-9) can be worded with Peter’s “The Lord is not slack in keeping his promises” (2 Pet 3:9); and the third part, the instructions for Moses (6:10-13) can be worded with Peter’s “Prepare for the day of God and speed its coming” (2 Pet 3:12). The people who speak for God must do so in the sure confidence of the coming deliverance – Moses with the deliverance from the bondage of Egypt, and Christians with the deliverance from this sinful world."
184,"[184, 'p7', 'verse', 'v22', 'content']",Moses returned
185,"[185, 'p7', 'verse', 'v22', 'note', 'f']",tn Heb “and Moses returned.”
186,"[186, 'p7', 'verse', 'v22', 'content']",to the
187,"[187, 'p7', 'verse', 'v22', 'sc']",Lord
188,"[188, 'p7', 'verse', 'v22', 'content']",", and said, “Lord,"
189,"[189, 'p7', 'verse', 'v22', 'note', 'f']","tn The designation in Moses’ address is “Lord” (אֲדֹנָי, ’adonay) – the term for “lord” or “master” but pointed as it would be when it represents the tetragrammaton."
190,"[190, 'p7', 'verse', 'v22', 'content']",why have you caused trouble for this people?
191,"[191, 'p7', 'verse', 'v22', 'note', 'f']","tn The verb is הֲרֵעֹתָה (hare’otah), the Hiphil perfect of רָעַע (ra’a’). The word itself means “to do evil,” and in this stem “to cause evil” – but evil in the sense of pain, calamity, trouble, or affliction, and not always in the sense of sin. Certainly not here. That God had allowed Pharaoh to oppose them had brought greater pain to the Israelites.
sn Moses’ question is rhetorical; the point is more of a complaint or accusation to God, although there is in it the desire to know why. B. Jacob (Exodus, 139) comments that such frank words were a sign of the man’s closeness to God. God never has objected to such bold complaints by the devout. He then notes how God was angered by his defenders in the book of Job rather than by Job’s heated accusations."
192,"[192, 'p7', 'verse', 'v22', 'content']",Why did you ever
193,"[193, 'p7', 'verse', 'v22', 'note', 'f']","tn The demonstrative pronoun serves for emphasis in the question (see R. J. Williams, Hebrew Syntax, 24, §118). This second question continues Moses’ bold approach to God, more chiding than praying. He is implying that if this was the result of the call, then God had no purpose calling him (compare Jeremiah’s similar complaint in Jer 20)."
194,"[194, 'p7', 'verse', 'v22', 'content']",send me?
195,"['v022_NET_EXO_005', 195, 'p7', 'verse', 'v22', 'plain_text']","22 Moses returned to the Lord , and said, “Lord, why have you caused trouble for this people? Why did you ever send me?"
196,"[196, 'p7', 'verse', 'v23', 'label']",23
197,"[197, 'p7', 'verse', 'v23', 'content']","From the time I went to speak to Pharaoh in your name, he has caused trouble"
198,"[198, 'p7', 'verse', 'v23', 'note', 'f']","sn Now the verb (הֵרַע, hera’) has a different subject – Pharaoh. The ultimate cause of the trouble was God, but the immediate cause was Pharaoh and the way he increased the work. Meanwhile, the Israelite foremen have pinned most of the blame on Moses and Aaron. Moses knows all about the sovereignty of God, and as he speaks in God’s name, he sees the effect it has on pagans like Pharaoh. So the rhetorical questions are designed to prod God to act differently."
199,"[199, 'p7', 'verse', 'v23', 'content']","for this people, and you have certainly not rescued"
200,"[200, 'p7', 'verse', 'v23', 'note', 'f']","tn The Hebrew construction is emphatic: וְהַצֵּל לֹא־הִצַּלְתָּ (vÿhatsel lo’-hitsalta). The verb נָצַל (natsal) means “to deliver, rescue” in the sense of plucking out, even plundering. The infinitive absolute strengthens both the idea of the verb and the negative. God had not delivered this people at all."
201,"[201, 'p7', 'verse', 'v23', 'content']",them!”
202,"[202, 'p7', 'verse', 'v23', 'note', 'f']","tn Heb “your people.” The pronoun (“them”) has been used in the translation for stylistic reasons here, to avoid redundancy."
203,"['v023_NET_EXO_005', 203, 'p7', 'verse', 'v23', 'plain_text']","23 From the time I went to speak to Pharaoh in your name, he has caused trouble for this people, and you have certainly not rescued them!”"
